<?xml version="1.0" encoding="UTF-8"?>
<beans xmlns="http://www.springframework.org/schema/beans"
       xmlns:xsi="http://www.w3.org/2001/XMLSchema-instance"
       xmlns:context="http://www.springframework.org/schema/context"
       xsi:schemaLocation="http://www.springframework.org/schema/beans
	http://www.springframework.org/schema/beans/spring-beans-3.0.xsd
	http://www.springframework.org/schema/context
	http://www.springframework.org/schema/context/spring-context-3.0.xsd">

    <bean id="address1" class="com.emexo.spring.autowiring.Address">
        <property name="city" value="Bangalore"/>
        <property name="state" value="Karnataka"/>
    </bean>
    <bean id="employee" class="com.emexo.spring.autowiring.Employee" autowire="default">
        <property name="empId" value="1"/>
        <property name="empName" value="Sanjay"/>
        <property name="address" ref="address1"/>
    </bean>

</beans>