<?xml version="1.0" encoding="UTF-8"?>
<beans xmlns="http://www.springframework.org/schema/beans"
       xmlns:xsi="http://www.w3.org/2001/XMLSchema-instance"
       xmlns:context="http://www.springframework.org/schema/context"
       xsi:schemaLocation="http://www.springframework.org/schema/beans
	http://www.springframework.org/schema/beans/spring-beans-3.0.xsd
	http://www.springframework.org/schema/context
	http://www.springframework.org/schema/context/spring-context-3.0.xsd">

    <bean id="marks" class="com.emexo.spring.di.constructorbean.Marks">
        <constructor-arg index="0" value="90"/>
        <constructor-arg index="1" value="80"/>
        <constructor-arg index="2" value="70"/>
    </bean>

    <bean id="student" class="com.emexo.spring.di.constructorbean.Student">
        <constructor-arg index="0" value="1"/>
        <constructor-arg index="1" value="Anand"/>
        <constructor-arg index="2" value="Bangalore"/>
        <constructor-arg index="3" ref="marks"/>
    </bean>

</beans>

