<?xml version="1.0" encoding="UTF-8"?>
<beans xmlns="http://www.springframework.org/schema/beans"
       xmlns:xsi="http://www.w3.org/2001/XMLSchema-instance"
       xmlns:context="http://www.springframework.org/schema/context"
       xsi:schemaLocation="http://www.springframework.org/schema/beans
	http://www.springframework.org/schema/beans/spring-beans-3.0.xsd
	http://www.springframework.org/schema/context
	http://www.springframework.org/schema/context/spring-context-3.0.xsd">

    <bean id="mailProperties" class="org.springframework.beans.factory.config.PropertyPlaceholderConfigurer">
        <property name="location" value="classpath:mail.properties" />
    </bean>
    <bean id="mail" class="com.emexo.spring.mail.properties.MailConfiguration">
        <property name="host" value="${smtp.host}" />
        <property name="port" value="${smtp.port}" />
        <property name="user" value="${smtp.user}" />
        <property name="pass" value="${smtp.pass}" />
    </bean>
</beans>