<?xml version="1.0" encoding="UTF-8"?>
<beans xmlns="http://www.springframework.org/schema/beans"
       xmlns:xsi="http://www.w3.org/2001/XMLSchema-instance"
       xmlns:context="http://www.springframework.org/schema/context"
       xsi:schemaLocation="http://www.springframework.org/schema/beans
	http://www.springframework.org/schema/beans/spring-beans-3.0.xsd
	http://www.springframework.org/schema/context
	http://www.springframework.org/schema/context/spring-context-3.0.xsd">

    <bean id="marks" class="com.emexo.spring.di.setterbean.Marks">
        <property name="mark1" value="90"/>
        <property name="mark2" value="80"/>
        <property name="mark3" value="70"/>
    </bean>

    <bean id="student" class="com.emexo.spring.di.setterbean.Student">
        <property name="studentId" value="1"/>
        <property name="studentName" value="Anand"/>
        <property name="address" value="Bangalore"/>
        <property name="marks" ref="marks"/>
    </bean>

</beans>

