<?xml version="1.0" encoding="UTF-8"?>
<beans xmlns="http://www.springframework.org/schema/beans"
	xmlns:xsi="http://www.w3.org/2001/XMLSchema-instance"
	xmlns:context="http://www.springframework.org/schema/context"
	xsi:schemaLocation="http://www.springframework.org/schema/beans
	http://www.springframework.org/schema/beans/spring-beans-3.0.xsd
	http://www.springframework.org/schema/context
	http://www.springframework.org/schema/context/spring-context-3.0.xsd">

	<bean id="emp1" class="com.emexo.spring.di.setter.Employee">
		<property name="empId" value="1"/>
		<property name="empName" value="Regu"/>
	</bean>
	<bean id="emp2" class="com.emexo.spring.di.setter.Employee">
		<property name="empId" value="2"/>
		<property name="empName" value="Sanjay"/>
	</bean>
	
	<bean id="emp3" class="com.emexo.spring.di.setter.Employee">
		<property name="empId" value="3"/>
		<property name="empName" value="Raju"/>
	</bean>

</beans>