<?xml version="1.0" encoding="UTF-8"?>
<beans xmlns="http://www.springframework.org/schema/beans"
	xmlns:xsi="http://www.w3.org/2001/XMLSchema-instance" xmlns:aop="http://www.springframework.org/schema/aop"
	xmlns:context="http://www.springframework.org/schema/context" xmlns:tx="http://www.springframework.org/schema/tx"
	xsi:schemaLocation="
       http://www.springframework.org/schema/beans http://www.springframework.org/schema/beans/spring-beans-3.0.xsd
       http://www.springframework.org/schema/tx http://www.springframework.org/schema/tx/spring-tx-3.0.xsd
       http://www.springframework.org/schema/aop http://www.springframework.org/schema/aop/spring-aop-3.0.xsd
       http://www.springframework.org/schema/context http://www.springframework.org/schema/context/spring-context-3.0.xsd">


	<context:annotation-config />
	<context:component-scan base-package="com.emexo.spring.xml.annotation"/>

	<bean id="customer" class="com.emexo.spring.xml.annotation.Customer"
		  init-method="init" destroy-method="destroy" scope="singleton">
		<property name="action" value="User" />
		<property name="type" value="1" />

	</bean>
	<bean id="person" class="com.emexo.spring.xml.annotation.Person" >
		<property name="name" value="Test" />
	</bean>
</beans>